{
  "Meeting Notes.docx": [
    0.30523155268005514,
    0.30523155268005514,
    0.30523155268005514,
    0.5168019428381698,
    0.5168019428381698,
    0.30523155268005514,
    0.0,
    0.0,
    0.30523155268005514,
    0.0
  ],
  "Project Timeline.xlsx": [
    0.30523155268005514,
    0.30523155268005514,
    0.30523155268005514,
    0.0,
    0.0,
    0.30523155268005514,
    0.5168019428381698,
    0.0,
    0.30523155268005514,
    0.5168019428381698
  ],
  "Requirements Doc.pdf": [
    0.3565351874675532,
    0.3565351874675532,
    0.3565351874675532,
    0.0,
    0.0,
    0.3565351874675532,
    0.0,
    0.6036665474310993,
    0.3565351874675532,
    0.0
  ]
}